漢字,臺羅,頻次nc,詞長(字數)
oo-tóo-bái,oo-tóo-bái,11,10
oo-bá-sáng,oo-bá-sáng,9,10
khà-sàng,khà-sàng,6,8
gì-tà,gì-tà,7,5
查某𡢃仔,tsa-bóo-kán-á,6,5
歡歡喜喜,huann-huann-hí-hí,13,4
厝邊頭尾,tshù-pinn-thâu-bué,11,4
柑仔蜜豬,kam-á-bi̍t-ti,10,4
相思仔花,siunn-si-á-hue,10,4
番薯之聲,han-tsî-tsi-siann,9,4
規家伙仔,kui-ke-hué-á,9,4
菩薩娘娘,phôo-sat-niû-niû,9,4
天公伯仔,thinn-kong-peh-á,9,4
一陣一陣,tsi̍t-tsūn-tsi̍t-tsūn,9,4
猴死囡仔,kâu-sí-gín-á,8,4
崁頭崁面,khàm-thâu-khàm-bīn,8,4
平常時仔,pîng-siông-sî-á,8,4
喙笑目笑,tshuì-tshiò-ba̍k-tshiò,8,4
一點點仔,tsi̍t-tiám-tiám-á,8,4
有當時仔,ū-tang-sî-á,8,4
五花十色,gōo-hue-tsa̍p-sik,7,4
𥴊仔店,kám-á-tiàm,7,4
閃閃爍爍,siám-siám-sih-sih,7,4
水梨仔鳥,tsuí-lâi-á-tsiáu,7,4
大大細細,tuā-tuā-sè-sè,7,4
矮仔冬瓜,é-á-tang-kue,6,4
下跤手人,ē-kha-tshiú-lâng,6,4
兇兇狂狂,hiong-hiong-kông-kông,6,4
姑不而將,koo-put-jî-tsiong,6,4
不可思議,put-khó-su-gī,6,4
三不五時,sam-put-gōo-sî,6,4
今仔日,kin-á-ji̍t,142,3
猶毋過,iáu-m̄-koh,139,3
無法度,bô-huat-tōo,86,3
𨑨迌,tshit-thô,81,3
袂用得,bē-īng-tit,77,3
會用得,ē-īng-tit,75,3
魔神仔,môo-sîn-á,68,3
閩南語,bân-lâm-gí,63,3
鬥相共,tàu-sann-kāng,63,3
按呢生,án-ne-senn,61,3
明仔載,bîn-á-tsài,61,3
一點仔,tsi̍t-tiám-á,57,3
袂記得,bē-kì-tit,49,3
好好仔,hó-hó-á,49,3
peh,peh,48,3
會記得,ē-kì-tit,42,3
查埔人,tsa-poo-lâng,40,3
查某囝,tsa-bóo-kiánn,39,3
身軀邊,sin-khu-pinn,37,3
查某人,tsa-bóo-lâng,34,3
好佳哉,hó-ka-tsài,32,3
遮爾仔,tsiah-nī-á,31,3
衫仔褲,sann-á-khòo,30,3
差不多,tsha-put-to,30,3
滿滿是,muá-muá-sī,28,3
一世人,tsi̍t-sì-lâng,28,3
就按呢,tsiū-án-ne,28,3
𠢕早,gâu-tsá,27,3
淡薄仔,tām-po̍h-á,27,3
無的確,bô-tik-khak,23,3
規身軀,kui-sin-khu,23,3
烏白來,oo-pe̍h-lâi,23,3
沓沓仔,ta̍uh-ta̍uh-á,23,3
囡仔人,gín-á-lâng,22,3
頭家娘,thâu-ke-niû,22,3
菜市仔,tshài-tshī-á,22,3
無偌久,bô-guā-kú,21,3
遐爾仔,hiah-nī-á,20,3
兄妹仔,hiann-muē-á,19,3
火金蛄,hué-kim-koo,19,3
慢慢仔,bān-bān-á,18,3
貓頭鳥,niau-thâu-tsiáu,17,3
面頭前,bīn-thâu-tsîng,16,3
跤踏車,kha-ta̍h-tshia,16,3
先生娘,sian-sinn-niû,15,3
心肝頭,sim-kuann-thâu,15,3
笑咪咪,tshiò-bî-bî,15,3
一下仔,tsi̍t-ē-á,15,3
崗山仔,kang-suann-á,14,3
苦瓜封,khóo-kue-hong,14,3
洗身軀,sé-sin-khu,14,3
身軀頂,sin-khu-tíng,14,3
序大人,sī-tuā-lâng,14,3
媠噹噹,suí-tang-tang,14,3
五日節,gōo-ji̍t-tseh,13,3
歇睏日,hioh-khùn-ji̍t,13,3
想袂到,siūnn-bē-kàu,13,3
臺灣人,tâi-uân-lâng,13,3
頭拄仔,thâu-tú-á,13,3
試看覓,tshì-khuànn-māi,13,3
笑咍咍,tshiò-hai-hai,13,3
做生理,tsò-sing-lí,13,3
大頭仔,tuā-thâu-á,13,3
紅記記,âng-kì-kì,12,3
無路用,bô-lōo-īng,12,3
圓箍仔,înn-khoo-á,12,3
狗仔囝,káu-á-kiánn,12,3
門口埕,mn̂g-kháu-tiânn,12,3
澹糊糊,tâm-kôo-kôo,12,3
千里眼,tshian-lí-gán,12,3
微微仔,bî-bî-á,11,3
老歲仔,lāu-huè-á,11,3
禮拜日,lé-pài-ji̍t,11,3
布袋戲,pòo-tē-hì,11,3
四秀仔,sì-siù-á,11,3
冬山河,tang-suann-hô,11,3
鬥跤手,tàu-kha-tshiú,11,3
長頷鹿,tn̂g-ām-lo̍k,11,3
手機仔,tshiú-ki-á,11,3
昭慶寺,tsiau-khìng-sī,11,3
拄仔好,tú-á-hó,11,3
運動會,ūn-tōng-huē,11,3
翁仔某,ang-á-bóo,10,3
紅嬰仔,âng-enn-á,10,3
阿婆仔,a-pô-á,10,3
無細膩,bô-sè-jī,10,3
下昏暗,e-hng-àm,10,3
囡仔兄,gín-á-hiann,10,3
原住民,guân-tsū-bîn,10,3
彼當陣,hit-tang-tsūn,10,3
虎豹母,hóo-pà-bú,10,3
猴囡仔,kâu-gín-á,10,3
跤頭趺,kha-thâu-u,10,3
輕輕仔,khin-khin-á,10,3
金金看,kim-kim-khuànn,10,3
攬牢牢,lám-tiâu-tiâu,10,3
擂臺主,luî-tâi-tsú,10,3
平常時,pîng-siông-sî,10,3
死囡仔,sí-gín-á,10,3
小朋友,sió-pîng-iú,10,3
相借問,sio-tsioh-mn̄g,10,3
順風耳,sūn-hong-ní,10,3
太武山,thài-bú-suann,10,3
菜蔬村,tshài-se-tshuan,10,3
青紅燈,tshenn-âng-ting,10,3
自按呢,tsū-án-ne,10,3
運動埕,ūn-tōng-tiânn,10,3
五虎山,gōo-hóo-suann,9,3
現此時,hiān-tshú-sî,9,3
彼當時,hit-tong-sî,9,3
日本人,ji̍t-pún-lâng,9,3
口服液,kháu-ho̍k-i̍k,9,3
苦毒丸,khóo-to̍k-uân,9,3
老大人,lāu-tuā-lâng,9,3
馬鈴薯,má-lîng-tsî,9,3
咇咇掣,phi̍h-phi̍h-tshuah,9,3
踅踅唸,se̍h-se̍h-liām,9,3
心肝內,sim-kuann-lāi,9,3
小金英,sió-kim-ing,9,3
打馬膠,tá-má-ka,9,3
霆雷公,tân-luî-kong,9,3
窗仔門,thang-á-mn̂g,9,3
偷偷仔,thau-thau-á,9,3
恬恬仔,tiām-tiām-á,9,3
樹仔頂,tshiū-á-tíng,9,3
樹葉仔,tshiū-hio̍h-á,9,3
一寡仔,tsi̍t-kuá-á,9,3
一四界,tsi̍t-sì-kè,9,3
萬萬歲,bān-bān-suè,8,3
覕相揣,bih-sio-tshuē,8,3
候選人,hāu-suán-jîn,8,3
飛行機,hue-lîng-ki,8,3
肩胛頭,king-kah-thâu,8,3
橋仔頭,kiô-á-thâu,8,3
講白賊,kóng-pe̍h-tsha̍t,8,3
鼓仔燈,kóo-á-ting,8,3
歌仔戲,kua-á-hì,8,3
門跤口,mn̂g-kha-kháu,8,3
辦公室,pān-kong-sik,8,3
不得已,put-tik-í,8,3
不止仔,put-tsí-á,8,3
賽關公,sài-kuan-kong,8,3
少棒隊,siàu-pāng-tuī,8,3
小可仔,sió-khuá-á,8,3
太陽花,thài-iông-hue,8,3
土地公,thóo-tī-kong,8,3
樹仔跤,tshiū-á-kha,8,3
姊妹仔,tsí-muē-á,8,3
石頭輪,tsio̍h-thâu-lián,8,3
一站仔,tsi̍t-tsām-á,8,3
總舖師,tsóng-phòo-sai,8,3
水筆仔,tsuí-pit-á,8,3
衛生所,uē-sing-sóo,8,3
哎喲喂,ai-iō-uê,7,3
愛人仔,ài-jîn-á,7,3
阿里山,a-lí-san,7,3
掩紋土,am-bûn-thôo,7,3
暗頭仔,àm-thâu-á,7,3
安全帽,an-tsuân-bō,7,3
會使得,ē-sái-tit,7,3
玉蘭花,gio̍k-lân-hue,7,3
原子筆,guân-tsú-pit,7,3
火車頭,hué-tshia-thâu,7,3
日月潭,ji̍t-gua̍t-thâm,7,3
日頭光,ji̍t-thâu-kng,7,3
計程車,kè-thîng-tshia,7,3
寬寬仔,khuann-khuann-á,7,3
驚見笑,kiann-kiàn-siàu,7,3
高麗菜,ko-lê-tshài,7,3
乖乖仔,kuai-kuai-á,7,3
若親像,ná-tshin-tshiūnn,7,3
瘦猴仔,sán-kâu-á,7,3
當時仔,tang-sî-á,7,3
倒轉來,tò-tńg-lâi,7,3
走相逐,tsáu-sio-jiok,7,3
青青青,tshenn-tshenn-tshenn,7,3
市議員,tshī-gī-uân,7,3
笑笑仔,tshiò-tshiò-á,7,3
鳥仔囝,tsiáu-á-kiánn,7,3
這世人,tsit-sì-lâng,7,3
作穡人,tsoh-sit-lâng,7,3
暗時仔,àm-sî-á,6,3
無尾熊,bô-bué-hîm,6,3
無尾熊,bô-bué-hîm,6,3
墓仔埔,bōng-á-poo,6,3
某乜人,bóo-mí-lâng,6,3
無代誌,bô-tāi-tsì,6,3
無定著,bô-tiānn-tio̍h,6,3
矮靈祭,é-lîng-tsè,6,3
彼時陣,hit-sî-tsūn,6,3
浴間仔,i̍k-king-á,6,3
柑仔蜜,kam-á-bi̍t,6,3
溪仔水,khe-á-tsuí,6,3
強力鎖,kiông-li̍k-só,6,3
救護車,kiù-hōo-tshia,6,3
古早味,kóo-tsá-bī,6,3
冷吱吱,líng-ki-ki,6,3
媽祖婆,má-tsóo-pô,6,3
滿四界,muá-sì-kè,6,3
白翎鷥,pe̍h-līng-si,6,3
拍噗仔,phah-pho̍k-á,6,3
半暝仔,puànn-mê-á,6,3
不而過,put-jî-kò,6,3
少年人,siàu-liân-lâng,6,3
惜命命,sioh-miā-miā,6,3
大港埔,tāi-káng-poo,6,3
中秋節,tiong-tshiu-tseh,6,3
中洲仔,tiong-tsiu-á,6,3
治嗽散,tī-sàu-sán,6,3
得人疼,tit-lâng-thiànn,6,3
圖書館,tôo-su-kuán,6,3
倒轉去,tò-tńg-khì,6,3
㴙㴙滴,tsha̍p-tsha̍p-tih,6,3
一个仔,tsi̍t-ê-á,6,3
一睏仔,tsi̍t-khùn-á,6,3
準拄煞,tsún-tú-suah,6,3
大部份,tuā-pōo-hūn,6,3
啥物,siánn-mih,551,2
按呢,án-ne,514,2
in,in,398,2
按怎,án-tsuánn,382,2
阿媽,a-má,344,2
會當,ē-tàng,339,2
囡仔,gín-á,332,2
代誌,tāi-tsì,329,2
阿母,a-bú,314,2
逐家,ta̍k-ke,313,2
知影,tsai-iánn,306,2
佇咧,tī-leh,266,2
因為,in-uī,263,2
時陣,sî-tsūn,260,2
這馬,tsit-má,260,2
阿爸,a-pah,243,2
起來,khí-lâi,241,2
已經,í-king,239,2
一定,it-tīng,224,2
看著,khuànn-tio̍h,218,2
實在,si̍t-tsāi,217,2
想欲,siūnn-beh,212,2
家己,ka-kī,205,2
毋過,m̄-koh,202,2
臺灣,tâi-uân,201,2
一下,tsi̍t-ē,190,2
所以,sóo-í,188,2
歡喜,huann-hí,183,2
親像,tshin-tshiūnn,183,2
仝款,kāng-khuán,168,2
感覺,kám-kak,166,2
了後,liáu-āu,163,2
老師,lāu-su,159,2
有夠,ū-kàu,157,2
干焦,kan-na,154,2
真正,tsin-tsiànn,154,2
一直,it-ti̍t,147,2
落去,lo̍h-khì,146,2
物件,mi̍h-kiānn,145,2
毋通,m̄-thang,138,2
阿公,a-kong,136,2
媽媽,má-mah,136,2
啥人,siánn-lâng,136,2
所在,sóo-tsāi,136,2
第一,tē-it,133,2
出來,tshut-lâi,132,2
目睭,ba̍k-tsiu,129,2
應該,ing-kai,127,2
落來,lo̍h-lâi,127,2
多謝,to-siā,119,2
內底,lāi-té,115,2
雖然,sui-jiân,113,2
佗位,tó-uī,111,2
來去,lâi-khì,109,2
歹勢,pháinn-sè,108,2
開始,khai-sí,107,2
若是,nā-sī,107,2
朋友,pîng-iú,107,2
做伙,tsò-hué,107,2
敢若,kánn-ná,106,2
猶閣,iáu-koh,105,2
可能,khó-lîng,105,2
拜託,pài-thok,105,2
學校,ha̍k-hāu,103,2
遮爾,tsiah-nī,103,2
為著,uī-tio̍h,103,2
抑是,ia̍h-sī,102,2
毋著,m̄-tio̍h,101,2
定定,tiānn-tiānn,99,2
到底,tàu-té,97,2
誠實,tsiânn-si̍t,96,2
叫做,kiò-tsò,94,2
哎唷,aih-ioh,93,2
要緊,iàu-kín,91,2
細漢,sè-hàn,90,2
會使,ē-sái,88,2
猶未,iáu-buē,87,2
第二,tē-jī,86,2
查某,tsa-bóo,85,2
時間,sî-kan,84,2
看覓,khuànn-māi,83,2
身軀,sin-khu,82,2
日頭,ji̍t-thâu,81,2
佮意,kah-ì,81,2
爸爸,pá-pah,81,2
聽著,thiann-tio̍h,80,2
入去,ji̍p-khì,79,2
趕緊,kuánn-kín,79,2
幾若,kuí-nā,79,2
𤆬,tshuā,79,2
第三,tē-sann,78,2
出去,tshut-khì,78,2
別人,pa̍t-lâng,77,2
又閣,iū-koh,76,2
好食,hó-tsia̍h,75,2
爾爾,niā-niā,75,2
著愛,tio̍h-ài,75,2
趣味,tshù-bī,74,2
希望,hi-bāng,71,2
離開,lī-khui,71,2
𠢕,gâu,70,2
阿桂,a-kuì,69,2
拍拚,phah-piànn,69,2
消息,siau-sit,69,2
轉去,tńg-khì,69,2
古錐,kóo-tsui,68,2
四界,sì-kè,67,2
師父,su-hū,67,2
讀冊,tha̍k-tsheh,67,2
目屎,ba̍k-sái,65,2
遐爾,hiah-nī,65,2
煩惱,huân-ló,65,2
生活,sing-ua̍h,65,2
烏白,oo-pe̍h,64,2
腹肚,pak-tóo,64,2
幸福,hīng-hok,63,2
意思,ì-sù,63,2
講話,kóng-uē,63,2
毋免,m̄-bián,63,2
鬥陣,tàu-tīn,63,2
變做,piàn-tsò,62,2
無閒,bô-îng,61,2
奇怪,kî-kuài,61,2
故鄉,kòo-hiong,61,2
心內,sim-lāi,60,2
竟然,kìng-jiân,59,2
姑娘,koo-niû,59,2
大漢,tuā-hàn,59,2
原來,guân-lâi,58,2
討厭,thó-ià,58,2
發生,huat-sing,57,2
失禮,sit-lé,57,2
閣再,koh-tsài,56,2
第四,tē-sì,56,2
有影,ū-iánn,56,2
閣較,koh-khah,55,2
老爸,lāu-pē,55,2
想著,siūnn-tio̍h,55,2
第五,tē-gōo,55,2
咧欲,teh-beh,55,2
只要,tsí-iàu,55,2
爸母,pē-bú,54,2
小等,sió-tán,54,2
會曉,ē-hiáu,53,2
厲害,lī-hāi,53,2
袂當,bē-tàng,52,2
感謝,kám-siā,52,2
落雨,lo̍h-hōo,52,2
上蓋,siōng-kài,52,2
透早,thàu-tsá,52,2
直直,ti̍t-ti̍t,52,2
拄著,tú-tio̍h,52,2
人生,jîn-sing,51,2
過去,kuè-khì,51,2
細膩,sè-jī,51,2
聽講,thiann-kóng,51,2
而且,jî-tshiánn,50,2
日子,ji̍t-tsí,50,2
毋管,m̄-kuán,50,2
毋但,m̄-nā,50,2
若無,nā-bô,50,2
世界,sè-kài,50,2
心肝,sim-kuann,50,2
遮的,tsia-ê,50,2
過來,kuè-lâi,49,2
呵咾,o-ló,49,2
心情,sim-tsîng,49,2
新聞,sin-bûn,49,2
塗跤,thôo-kha,49,2
認真,jīn-tsin,48,2
艱苦,kan-khóo,48,2
快樂,khuài-lo̍k,48,2
平安,pîng-an,48,2
精神,tsing-sîn,48,2
雄雄,hiông-hiông,47,2
永遠,íng-uán,47,2
了解,liáu-kái,47,2
電話,tiān-uē,47,2
厝內,tshù-lāi,47,2
宜蘭,gî-lân,46,2
假使,ká-sú,46,2
機會,ki-huē,46,2
少年,siàu-liân,46,2
想講,siūnn-kóng,46,2
頭家,thâu-ke,46,2
根本,kin-pún,45,2
受氣,siū-khì,45,2
頭前,thâu-tsîng,45,2
唱歌,tshiùnn-kua,45,2
大聲,tuā-siann,45,2
時代,sî-tāi,44,2
一寡,tsi̍t-kuá,44,2
阿兄,a-hiann,43,2
工課,khang-khuè,43,2
其實,kî-si̍t,43,2
人客,lâng-kheh,43,2
不時,put-sî,43,2
塗豆,thôo-tāu,43,2
阿婆,a-pô,42,2
美麗,bí-lē,42,2
較早,khah-tsá,42,2
經過,king-kuè,42,2
毋甘,m̄-kam,42,2
小弟,sió-tī,42,2
小姐,sió-tsiá,42,2
頭殼,thâu-khak,42,2
再會,tsài-huē,42,2
清楚,tshing-tshó,42,2
月娘,gue̍h-niû,41,2
好勢,hó-sè,41,2
醫生,i-sing,41,2
重要,tiōng-iàu,41,2
只有,tsí-ū,41,2
外口,guā-kháu,40,2
毋才,m̄-tsiah,40,2
比賽,pí-sài,40,2
但是,tān-sī,40,2
電視,tiān-sī,40,2
轉來,tńg-lâi,40,2
袂使,bē-sái,39,2
後生,hāu-senn,39,2
可憐,khó-liân,39,2
十二,tsa̍p-jī,39,2
怎樣,tsuánn-iūnn,39,2
以後,í-āu,38,2
結婚,kiat-hun,38,2
高雄,ko-hiông,38,2
攏總,lóng-tsóng,38,2
澎湖,phînn-ôo,38,2
特別,ti̍k-pia̍t,38,2
滋味,tsu-bī,38,2
大人,tuā-lâng,38,2
阿爹,a-tia,37,2
弘毅,hông-ik,37,2
火車,hué-tshia,37,2
強欲,kiōng-beh,37,2
鬧熱,lāu-jia̍t,37,2
性命,sènn-miā,37,2
順紲,sūn-suà,37,2
春天,tshun-thinn,37,2
照顧,tsiàu-kòo,37,2
無論,bô-lūn,36,2
風景,hong-kíng,36,2
號做,hō-tsò,36,2
日本,ji̍t-pún,36,2
環境,khuân-kíng,36,2
古早,kóo-tsá,36,2
寶島,pó-tó,36,2
素蘭,sòo-lân,36,2
早起,tsá-khí,36,2
出門,tshut-mn̂g,36,2
阿娘,a-niâ,35,2
阿伯,a-peh,35,2
輕鬆,khin-sang,35,2
需要,su-iàu,35,2
天頂,thinn-tíng,35,2
進前,tsìn-tsîng,35,2
袂曉,bē-hiáu,34,2
歇睏,hioh-khùn,34,2
家庭,ka-tîng,34,2
可愛,khó-ài,34,2
可惡,khó-ònn,34,2
保庇,pó-pì,34,2
小妹,sió-muē,34,2
查埔,tsa-poo,34,2
早頓,tsá-tǹg,34,2
出名,tshut-miâ,34,2
出世,tshut-sì,34,2
公園,kong-hn̂g,33,2
參加,tsham-ka,33,2
青春,tshing-tshun,33,2
注意,tsù-ì,33,2
番薯,han-tsî,32,2
兄弟,hiann-tī,32,2
好耍,hó-sńg,32,2
干樂,kan-lo̍k,32,2
簡單,kán-tan,32,2
故事,kòo-sū,32,2
關係,kuan-hē,32,2
變成,piàn-sîng,32,2
天氣,thinn-khì,32,2
風颱,hong-thai,31,2
猶原,iu-guân,31,2
過年,kuè-nî,31,2
禮拜,lé-pài,31,2
另外,līng-guā,31,2
辦法,pān-huat,31,2
便所,piān-sóo,31,2
身體,sin-thé,31,2
相信,siong-sìn,31,2
萱姑,suan-koo,31,2
有時,ū-sî,31,2
阿姑,a-koo,30,2
問題,būn-tê,30,2
魚仔,hî-á,30,2
法度,huat-tōo,30,2
雲州,hûn-tsiu,30,2
入來,ji̍p-lâi,30,2
加油,ka-iû,30,2
講著,kóng-tio̍h,30,2
果子,kué-tsí,30,2
一百,tsi̍t-pah,30,2
暗時,àm-sî,29,2
文化,bûn-huà,29,2
甘願,kam-guān,29,2
跤步,kha-pōo,29,2
公司,kong-si,29,2
臺北,tâi-pak,29,2
恬恬,tiām-tiām,29,2
當然,tong-jiân,29,2
當做,tòng-tsò,29,2
鳥仔,tsiáu-á,29,2
將軍,tsiong-kun,29,2
庄跤,tsng-kha,29,2
準備,tsún-pī,29,2
運動,ūn-tōng,29,2
下晡,ē-poo,28,2
一切,it-tshè,28,2
鵁鴒,ka-līng,28,2
鳥鼠,niáu-tshí,28,2
熟似,si̍k-sāi,28,2
相招,sio-tsio,28,2
想起,siūnn-khí,28,2
臺語,tâi-gí,28,2
跳舞,thiàu-bú,28,2
頂懸,tíng-kuân,28,2
親情,tshin-tsiânn,28,2
食飽,tsia̍h-pá,28,2
食飯,tsia̍h-pn̄g,28,2
自由,tsū-iû,28,2
哎喲,ai-iō,27,2
偌濟,guā-tsē,27,2
分鐘,hun-tsing,27,2
佳哉,ka-tsài,27,2
行路,kiânn-lōo,27,2
見笑,kiàn-siàu,27,2
今夜,kim-iā,27,2
記持,kì-tî,27,2
孤單,koo-tuann,27,2
連鞭,liâm-mi,27,2
病院,pēnn-īnn,27,2
啥貨,siánn-huè,27,2
成功,sîng-kong,27,2
生理,sing-lí,27,2
傷心,siong-sim,27,2
樹仔,tshiū-á,27,2
厝邊,tshù-pinn,27,2
出現,tshut-hiān,27,2
哎啊,aih-ah,26,2
無夠,bô-kàu,26,2
危險,guî-hiám,26,2
非常,hui-siông,26,2
以前,í-tsîng,26,2
熱天,jua̍h-thinn,26,2
繼續,kè-sio̍k,26,2
今年,kin-nî,26,2
公主,kong-tsú,26,2
決定,kuat-tīng,26,2
向望,ǹg-bāng,26,2
所有,sóo-ū,26,2
山頂,suann-tíng,26,2
再見,tsài-kiàn,26,2
清氣,tshing-khì,26,2
只好,tsí-hó,26,2
只是,tsí-sī,26,2
後擺,āu-pái,25,2
袂輸,bē-su,25,2
莫怪,bo̍k-kuài,25,2
然後,jiân-āu,25,2
感情,kám-tsîng,25,2
結果,kiat-kó,25,2
金門,kim-mn̂g,25,2
公路,kong-lōo,25,2
頭毛,thâu-mn̂g,25,2
電腦,tiān-náu,25,2
動物,tōng-bu̍t,25,2
同學,tông-ha̍k,25,2
請問,tshiánn-mn̄g,25,2
主人,tsú-lâng,25,2
活動,ua̍h-tāng,25,2
阿姨,a-î,24,2
紅豆,âng-tāu,24,2
彼號,hit-lō,24,2
服務,ho̍k-bū,24,2
發現,huat-hiān,24,2
根據,kin-kì,24,2
記者,kì-tsiá,24,2
救人,kiù-lâng,24,2
大學,tāi-ha̍k,24,2
土地,thóo-tē,24,2
杜蚓,tōo-kún,24,2
十八,tsa̍p-peh,24,2
喙齒,tshuì-khí,24,2
這陣,tsit-tsūn,24,2
拄才,tú-tsiah,24,2
愛情,ài-tsîng,23,2
暗暝,àm-mê,23,2
目鏡,ba̍k-kiànn,23,2
袂䆀,bē-bái,23,2
美國,bí-kok,23,2
放心,hòng-sim,23,2
狗仔,káu-á,23,2
教室,kàu-sik,23,2
恐怖,khióng-pòo,23,2
各位,kok-uī,23,2
散步,sàn-pōo,23,2
聲音,siann-im,23,2
先生,sian-sinn,23,2
上課,siōng-khò,23,2
爽快,sóng-khuài,23,2
思念,su-liām,23,2
大人,tāi-jîn,23,2
絕對,tsua̍t-tuì,23,2
最後,tsuè-āu,23,2
阿魯,a-lóo,22,2
學生,ha̍k-sing,22,2
風吹,hong-tshue,22,2
花田,hua-tiân,22,2
改變,kái-piàn,22,2
交代,kau-tài,22,2
到今,kàu-tann,22,2
來到,lâi-kàu,22,2
老母,lāu-bú,22,2
新娘,sin-niû,22,2
小可,sió-khuá,22,2
點鐘,tiám-tsing,22,2
振動,tín-tāng,22,2
轉去,tńg--khì,22,2
獨家,to̍k-ka,22,2
昨昏,tsa-hng,22,2
揣著,tshuē-tio̍h,22,2
斟酌,tsim-tsiok,22,2
完全,uân-tsuân,22,2
溫泉,un-tsuânn,22,2
阿英,a-ing,21,2
肉粽,bah-tsàng,21,2
眠床,bîn-tshn̂g,21,2
護士,hōo-sū,21,2
一生,it-sing,21,2
跤手,kha-tshiú,21,2
考試,khó-tshì,21,2
健康,kiān-khong,21,2
救命,kiù-miā,21,2
歌聲,kua-siann,21,2
麻煩,mâ-huân,21,2
貓仔,niau-á,21,2
保護,pó-hōo,21,2
世間,sè-kan,21,2
社會,siā-huē,21,2
心愛,sim-ài,21,2
新婦,sin-pū,21,2
第七,tē-tshit,21,2
頭鬃,thâu-tsang,21,2
特派,ti̍k-phài,21,2
插播,tshah-pòo,21,2
凊彩,tshìn-tshái,21,2
大哥,tuā-ko,21,2
阿舅,a-kū,20,2
阿姆,a-ḿ,20,2
阿叔,a-tsik,20,2
好命,hó-miā,20,2
黃昏,hông-hun,20,2
發展,huat-tián,20,2
花蕊,hue-luí,20,2
咖啡,ka-pi,20,2
骨力,kut-la̍t,20,2
妹妹,me--meh,20,2
報導,pò-tō,20,2
生做,senn-tsò,20,2
天下,thian-hā,20,2
湯匙,thng-sî,20,2
肚臍,tōo-tsâi,20,2
採訪,tshái-hóng,20,2
專門,tsuan-bûn,20,2
拄好,tú-hó,20,2
除了,tû-liáu,20,2
袂赴,bē-hù,19,2
未來,bī-lâi,19,2
尾溜,bué-liu,19,2
海湧,hái-íng,19,2
遐的,hia-ê,19,2
稀微,hi-bî,19,2
懷念,huâi-liām,19,2
尤其,iû-kî,19,2
功夫,kang-hu,19,2
狗蟻,káu-hiā,19,2
開講,khai-káng,19,2
氣象,khì-siōng,19,2
恢復,khue-ho̍k,19,2
景緻,kíng-tì,19,2
恭喜,kiong-hí,19,2
流浪,liû-lōng,19,2
毋驚,m̄-kiann,19,2
芳味,phang-bī,19,2
表示,piáu-sī,19,2
糞埽,pùn-sò,19,2
俗語,sio̍k-gí,19,2
相爭,sio-tsenn,19,2
第六,tē-la̍k,19,2
趁錢,thàn-tsînn,19,2
提供,thê-kiong,19,2
都市,too-tshī,19,2
田園,tshân-hn̂g,19,2
出海,tshut-hái,19,2
石頭,tsio̍h-thâu,19,2
作穡,tsoh-sit,19,2
最近,tsuè-kīn,19,2
完成,uân-sîng,19,2
阿玉,a-gio̍k,18,2
阿賢,a-hiân,18,2
阿姊,a-tsí,18,2
後壁,āu-piah,18,2
面頂,bīn-tíng,18,2
無仝,bô-kāng,18,2
無情,bô-tsîng,18,2
海墘,hái-kînn,18,2
葉仔,hio̍h-á,18,2
方向,hong-hiòng,18,2
好天,hó-thinn,18,2
歡迎,huan-gîng,18,2
附近,hù-kīn,18,2
緣投,iân-tâu,18,2
勇敢,ióng-kám,18,2
羊仔,iûnn-á,18,2
尻川,kha-tshng,18,2
快活,khuìnn-ua̍h,18,2
緊張,kín-tiunn,18,2
怪物,kuài-bu̍t,18,2
過身,kuè-sin,18,2
內面,lāi-bīn,18,2
利用,lī-iōng,18,2
落山,lo̍h-suann,18,2
名聲,miâ-siann,18,2
陛下,pè-hā,18,2
身邊,sin-pinn,18,2
同齊,tâng-tsê,18,2
聽眾,thiann-tsiòng,18,2
中晝,tiong-tàu,18,2
當時,tong-sî,18,2
千歲,tshian-suè,18,2
創治,tshòng-tī,18,2
正經,tsìng-king,18,2
怨嘆,uàn-thàn,18,2
紅柿,âng-khī,17,2
嬰仔,enn-á,17,2
犧牲,hi-sing,17,2
互相,hōo-siong,17,2
好聽,hó-thiann,17,2
橫直,huâinn-ti̍t,17,2
沿路,iân-lōo,17,2
意義,ì-gī,17,2
藥仔,io̍h-á,17,2
認明,jīn-bîng,17,2
江湖,kang-ôo,17,2
科技,kho-ki,17,2
行過,kiânn-kuè,17,2
練習,liān-si̍p,17,2
路邊,lōo-pinn,17,2
麻糍,muâ-tsî,17,2
烏暗,oo-àm,17,2
烏烏,oo-oo,17,2
本來,pún-lâi,17,2
駛車,sái-tshia,17,2
西河,se-hô,17,2
城市,siânn-tshī,17,2
甚至,sīm-tsì,17,2
辛苦,sin-khóo,17,2
相片,siòng-phìnn,17,2
東榮,tang-îng,17,2
地獄,tē-ga̍k,17,2
顛倒,tian-tò,17,2
十五,tsa̍p-gōo,17,2
草仔,tsháu-á,17,2
青菜,tshenn-tshài,17,2
清司,tshing-si,17,2
處理,tshú-lí,17,2
情形,tsîng-hîng,17,2
祝福,tsiok-hok,17,2
一半,tsi̍t-puànn,17,2
庄頭,tsng-thâu,17,2
做伴,tsò-phuānn,17,2
造成,tsō-sîng,17,2
自然,tsū-jiân,17,2
遵命,tsun-bīng,17,2
拄仔,tú-á,17,2
有閒,ū-îng,17,2
眠夢,bîn-bāng,16,2
明明,bîng-bîng,16,2
語言,gí-giân,16,2
欣賞,him-sióng,16,2
分開,hun-khui,16,2
鉛筆,iân-pit,16,2
庸兒,iông-jî,16,2
有孝,iú-hàu,16,2
如何,jû-hô,16,2
開花,khui-hue,16,2
困難,khùn-lân,16,2
見面,kìnn-bīn,16,2
期待,kî-thāi,16,2
光頭,kng-thâu,16,2
君子,kun-tsú,16,2
內山,lāi-suann,16,2
男兒,lâm-jî,16,2
聯絡,liân-lo̍k,16,2
娘娘,niû-niû,16,2
菩薩,phôo-sat,16,2
師傅,sai-hū,16,2
西瓜,si-kue,16,2
隨時,suî-sî,16,2
臺東,tâi-tang,16,2
當中,tang-tiong,16,2
冬節,tang-tseh,16,2
第八,tē-peh,16,2
天光,thinn-kng,16,2
中央,tiong-ng,16,2
長長,tn̂g-tn̂g,16,2
倒轉,tò-tńg,16,2
振作,tsín-tsok,16,2
冤家,uan-ke,16,2
紅龜,âng-ku,15,2
萬歲,bān-suè,15,2
月光,gue̍h-kng,15,2
嚇驚,heh-kiann,15,2
形影,hîng-iánn,15,2
向前,hiòng-tsiân,15,2
香芳,hiunn-phang,15,2
花園,hue-hn̂g,15,2
勇健,ióng-kiānn,15,2
楊桃,iûnn-tô,15,2
教主,kàu-tsú,15,2
驚惶,kiann-hiânn,15,2
囝兒,kiánn-jî,15,2
警察,kíng-tshat,15,2
其他,kî-thann,15,2
光光,kng-kng,15,2
觀光,kuan-kong,15,2
利便,lī-piān,15,2
媽祖,má-tsóo,15,2
寶貝,pó-puè,15,2
心適,sim-sik,15,2
心心,sim-sim,15,2
相會,siong-huē,15,2
失去,sit-khì,15,2
收成,siu-sîng,15,2
受著,siū-tio̍h,15,2
索仔,soh-á,15,2
答應,tah-ìng,15,2
當時,tang-sî,15,2
太太,thài-thài,15,2
電台,tiān-tâi,15,2
桌頂,toh-tíng,15,2
灶跤,tsàu-kha,15,2
賊仔,tsha̍t-á,15,2
悽慘,tshi-tshám,15,2
漸漸,tsiām-tsiām,15,2
政府,tsìng-hú,15,2
種作,tsìng-tsoh,15,2
做人,tsò-lâng,15,2
水雞,tsuí-ke,15,2
大海,tuā-hái,15,2
溫柔,un-jiû,15,2
翁婿,ang-sài,14,2
俺公,án-kong,14,2
肉體,bah-thé,14,2
勉強,bián-kióng,14,2
嚴重,giâm-tiōng,14,2
牛奶,gû-ling,14,2
兄長,hing-tióng,14,2
遠遠,hn̄g-hn̄g,14,2
華語,huâ-gí,14,2
和尚,huê-siūnn,14,2
猶有,iáu-ū,14,2
以外,í-guā,14,2
英雄,ing-hiông,14,2
敢講,kám-kóng,14,2
教示,kà-sī,14,2
交通,kau-thong,14,2
隔壁,keh-piah,14,2
氣味,khì-bī,14,2
空氣,khong-khì,14,2
既然,kì-jiân,14,2
巨人,kī-jîn,14,2
規个,kui-ê,14,2
若像,ná-tshiūnn,14,2
若準,nā-tsún,14,2
鼻仔,phīnn-á,14,2
本成,pún-tsiânn,14,2
不管,put-kuán,14,2
瘦猴,sán-kâu,14,2
產品,sán-phín,14,2
生相,senn-siùnn,14,2
閃爍,siám-sih,14,2
選舉,suán-kí,14,2
輸贏,su-iânn,14,2
等待,tán-thāi,14,2
提著,the̍h-tio̍h,14,2
點心,tiám-sim,14,2
甜粿,tinn-kué,14,2
草地,tsháu-tē,14,2
超級,tshiau-kip,14,2
超過,tshiau-kuè,14,2
痴情,tshi-tsîng,14,2
接受,tsiap-siū,14,2
節目,tsiat-bo̍k,14,2
整理,tsíng-lí,14,2
正常,tsìng-siông,14,2
彰化,tsiong-huà,14,2
一時,tsi̍t-sî,14,2
注射,tsù-siā,14,2
有名,ū-miâ,14,2
運命,ūn-miā,14,2
尪仔,ang-á,13,2
紅色,âng-sik,13,2
安全,an-tsuân,13,2
迷人,bê-lâng,13,2
牧童,bo̍k-tông,13,2
藝術,gē-su̍t,13,2
外媽,guā-má,13,2
好看,hó-khuànn,13,2
吩咐,huan-hù,13,2
英語,ing-gí,13,2
以上,í-siōng,13,2
任務,jīm-bū,13,2
忍耐,jím-nāi,13,2
認為,jīn-uî,13,2
確實,khak-si̍t,13,2
開喙,khui-tshuì,13,2
堅持,kian-tshî,13,2
國小,kok-sió,13,2
規氣,kui-khì,13,2
人人,lâng-lâng,13,2
老人,lāu-lâng,13,2
歷史,li̍k-sú,13,2
挵著,lòng-tio̍h,13,2
露螺,lōo-lê,13,2
囉嗦,lo-so,13,2
毋願,m̄-guān,13,2
命運,miā-ūn,13,2
兩百,nn̄g-pah,13,2
便當,piān-tong,13,2
祕密,pì-bi̍t,13,2
悲傷,pi-siong,13,2
保重,pó-tiōng,13,2
掃帚,sàu-tshiú,13,2
雙手,siang-tshiú,13,2
小學,sió-ha̍k,13,2
上班,siōng-pan,13,2
四十,sì-tsa̍p,13,2
通好,thang-hó,13,2
提醒,thê-tshénn,13,2
當咧,tng-teh,13,2
操煩,tshau-huân,13,2
出力,tshut-la̍t,13,2
情意,tsîng-ì,13,2
壯士,tsòng-sū,13,2
水牛,tsuí-gû,13,2
自在,tsū-tsāi,13,2
畫圖,uē-tôo,13,2
溫暖,un-luán,13,2
阿美,a-bí,12,2
夢中,bāng-tiong,12,2
面對,bīn-tuì,12,2
無人,bô-lâng,12,2
無聊,bô-liâu,12,2
下港,ē-káng,12,2
研究,gián-kiù,12,2
願意,guān-ì,12,2
原本,guân-pún,12,2
海上,hái-siōng,12,2
海水,hái-tsuí,12,2
合作,ha̍p-tsok,12,2
恆春,hîng-tshun,12,2
歇熱,hioh-jua̍h,12,2
好好,hó-hó,12,2
何時,hô-sî,12,2
夜市,iā-tshī,12,2
恩師,in-su,12,2
用心,iōng-sim,12,2
嘉義,ka-gī,12,2
到位,kàu-uī,12,2
客氣,kheh-khì,12,2
溪水,khe-tsuí,12,2
起去,khí-khì,12,2
可惜,khó-sioh,12,2
看見,khuànn-kìnn,12,2
環保,khuân-pó,12,2
各種,kok-tsióng,12,2
公里,kong-lí,12,2
古意,kóo-ì,12,2
懸懸,kuân-kuân,12,2
了了,liáu-liáu,12,2
王妃,ông-hui,12,2
王爺,ông-iâ,12,2
房間,pâng-king,12,2
放學,pàng-o̍h,12,2
包仔,pau-á,12,2
變化,piàn-huà,12,2
飯桶,pn̄g-tháng,12,2
保證,pó-tsìng,12,2
生日,senn-ji̍t,12,2
詳細,siông-sè,12,2
序細,sī-sè,12,2
修理,siu-lí,12,2
泅水,siû-tsuí,12,2
代表,tāi-piáu,12,2
值得,ta̍t-tit,12,2
頭路,thâu-lōo,12,2
團圓,thuân-înn,12,2
電火,tiān-hué,12,2
特色,ti̍k-sik,12,2
等等,tíng-tíng,12,2
得著,tit-tio̍h,12,2
搪著,tn̄g-tio̍h,12,2
參觀,tsham-kuan,12,2
親姆,tshenn-ḿ,12,2
食著,tsia̍h-tio̍h,12,2
暫時,tsiām-sî,12,2
成做,tsiânn-tsò,12,2
將來,tsiong-lâi,12,2
照著,tsiò-tio̍h,12,2
祖先,tsóo-sian,12,2
水面,tsuí-bīn,12,2
自從,tsū-tsiông,12,2
大橋,tuā-kiô,12,2
大大,tuā-tuā,12,2
為何,uī-hô,12,2
為止,uî-tsí,12,2
暗頓,àm-tǹg,11,2
紅紅,âng-âng,11,2
紅包,âng-pau,11,2
微微,bî-bî,11,2
民國,bîn-kok,11,2
海面,hái-bīn,11,2
學習,ha̍k-si̍p,11,2
或者,hi̍k-tsiá,11,2
耳空,hīnn-khang,11,2
彼陣,hit-tsūn,11,2
放送,hòng-sàng,11,2
方式,hong-sik,11,2
鳳山,hōng-suann,11,2
犯人,huān-lâng,11,2
回收,huê-siu,11,2
雲南,hûn-lâm,11,2
永生,íng-sing,11,2
日語,ji̍t-gí,11,2
感動,kám-tōng,11,2
甘蔗,kam-tsià,11,2
加減,ke-kiám,11,2
基隆,ke-lâng,11,2
𣁳,khat,11,2
口味,kháu-bī,11,2
公尺,kong-tshioh,11,2
高鐵,ko-thih,11,2
管訓,kuán-hùn,11,2
垃圾,lah-sap,11,2
禮貌,lé-māu,11,2
掠準,lia̍h-tsún,11,2
理想,lí-sióng,11,2
雷公,luî-kong,11,2
綿綿,mî-mî,11,2
年代,nî-tāi,11,2
烏色,oo-sik,11,2
放捒,pàng-sak,11,2
放手,pàng-tshiú,11,2
白雲,pe̍h-hûn,11,2
悲哀,pi-ai,11,2
檳榔,pin-nn̂g,11,2
貧僧,pîn-tsing,11,2
畢業,pit-gia̍p,11,2
半暝,puànn-mê,11,2
不可,put-khó,11,2
三百,sann-pah,11,2
社區,siā-khu,11,2
數念,siàu-liām,11,2
時機,sî-ki,11,2
收聽,siu-thiann,11,2
大概,tāi-khài,11,2
代先,tāi-sing,11,2
擔頭,tànn-thâu,11,2
地名,tē-miâ,11,2
趁食,thàn-tsia̍h,11,2
天然,thian-jiân,11,2
刁工,thiau-kang,11,2
天星,thinn-tshenn,11,2
痛苦,thòng-khóo,11,2
條件,tiâu-kiānn,11,2
豬肉,ti-bah,11,2
竹仔,tik-á,11,2
燈火,ting-hué,11,2
弟弟,ti--tih,11,2
道理,tō-lí,11,2
當初,tong-tshoo,11,2
昨暗,tsa-àm,11,2
菜瓜,tshài-kue,11,2
青青,tshenn-tshenn,11,2
喙瀾,tshuì-nuā,11,2
村民,tshun-bîn,11,2
伸手,tshun-tshiú,11,2
出外,tshut-guā,11,2
借過,tsioh-kuè,11,2
終點,tsiong-tiám,11,2
族群,tso̍k-kûn,11,2
做仙,tsò-sian,11,2
全部,tsuân-pōo,11,2
珠淚,tsu-luī,11,2
船隻,tsûn-tsiah,11,2
大箍,tuā-khoo,11,2
大廳,tuā-thiann,11,2
對待,tuì-thāi,11,2
有錢,ū-tsînn,11,2
安慰,an-uì,10,2
目箍,ba̍k-khoo,10,2
廟尪,biō-ang,10,2
海口,hái-kháu,10,2
學兄,ha̍k-hing,10,2
享受,hiáng-siū,10,2
現時,hiān-sî,10,2
賢弟,hiân-tē,10,2
耳仔,hīnn-á,10,2
彼時,hit-sî,10,2
好用,hó-īng,10,2
好料,hó-liāu,10,2
紅葉,hông-ia̍p,10,2
放棄,hòng-khì,10,2
風雨,hong-ú,10,2
鰗鰡,hôo-liu,10,2
雨水,hōo-tsuí,10,2
蝶仔,ia̍h-á,10,2
煙火,ian-hué,10,2
也是,iā-sī,10,2
音樂,im-ga̍k,10,2
藥房,io̍h-pâng,10,2
勇氣,ióng-khì,10,2
用來,iōng-lâi,10,2
以早,í-tsá,10,2
解救,kái-kiù,10,2
教師,kàu-su,10,2
教堂,kàu-tn̂g,10,2
客廳,kheh-thiann,10,2
徛鵝,khiā-gô,10,2
弓蕉,king-tsio,10,2
叫聲,kiò-siann,10,2
哥哥,ko-koh,10,2
國中,kok-tiong,10,2
講起,kóng-khí,10,2
公斤,kong-kin,10,2
個性,kò-sìng,10,2
乖乖,kuai-kuai,10,2
慣勢,kuàn-sì,10,2
關心,kuan-sim,10,2
老爺,lāu-iâ,10,2
林場,lîm-tiûnn,10,2
龍眼,lîng-gíng,10,2
良心,liông-sim,10,2
路用,lōo-īng,10,2
擂臺,luî-tâi,10,2
馬上,má-siōng,10,2
藍色,nâ-sik,10,2
黃金,n̂g-kim,10,2
拜拜,pài-pài,10,2
炮仔,phàu-á,10,2
表現,piáu-hiān,10,2
報紙,pò-tsuá,10,2
菝仔,pua̍t-á,10,2
不過,put-kò,10,2
不能,put-lîng,10,2
佛祖,pu̍t-tsóo,10,2
寫字,siá-jī,10,2
消失,siau-sit,10,2
相親,siòng-tshin,10,2
燒酒,sio-tsiú,10,2
時常,sî-siông,10,2
想法,siūnn-huat,10,2
大家,ta-ke,10,2
讀書,tha̍k-tsu,10,2
頭名,thâu-miâ,10,2
疼惜,thiànn-sioh,10,2
鐵馬,thih-bé,10,2
聽候,thìng-hāu,10,2
天邊,thinn-pinn,10,2
糖廠,thn̂g-tshiúnn,10,2
討海,thó-hái,10,2
重卿,tiông-khing,10,2
桌仔,toh-á,10,2
多多,to-to,10,2
早前,tsá-tsîng,10,2
走去,tsáu-khì,10,2
臭頭,tshàu-thâu,10,2
青草,tshenn-tsháu,10,2
笑詼,tshiò-khue,10,2
秋天,tshiu-thinn,10,2
創造,tshòng-tsō,10,2
初戀,tshoo-luân,10,2
喙仔,tshuì-á,10,2
喙焦,tshuì-ta,10,2
出發,tshut-huat,10,2
正爿,tsiànn-pîng,10,2
進行,tsìn-hîng,10,2
進步,tsìn-pōo,10,2
大雨,tuā-hōo,10,2
大細,tuā-sè,10,2
衛生,uē-sing,10,2
阿男,a-lâm,9,2
安排,an-pâi,9,2
鴟鴞,bā-hio̍h,9,2
袂記,bē-kì,9,2
米粉,bí-hún,9,2
帽仔,bō-á,9,2
無去,bô--khì,9,2
武士,bú-sū,9,2
母親,bú-tshin,9,2
五百,gōo-pah,9,2
海邊,hái-pinn,9,2
現代,hiān-tāi,9,2
漁船,hî-tsûn,9,2
休息,hiu-sik,9,2
方法,hong-huat,9,2
方便,hong-piān,9,2
轟動,hong-tōng,9,2
好奇,hònn-kî,9,2
雨傘,hōo-suànn,9,2
好心,hó-sim,9,2
薰吹,hun-tshue,9,2
要求,iau-kiû,9,2
幼秀,iù-siù,9,2
日出,ji̍t-tshut,9,2
如今,jû-kim,9,2
嘉南,ka-lâm,9,2
咖哩,ka-lí,9,2
感冒,kám-mōo,9,2
工商,kang-siong,9,2
鉸刀,ka-to,9,2
確定,khak-tīng,9,2
空中,khong-tiong,9,2
看過,khuànn-kuè,9,2
看破,khuànn-phuà,9,2
行行,kiânn-kiânn,9,2
囝孫,kiánn-sun,9,2
金剛,kim-kong,9,2
更加,kìng-ka,9,2
經濟,king-tsè,9,2
功課,kong-khò,9,2
廣告,kóng-kò,9,2
顧厝,kòo-tshù,9,2
高速,ko-sok,9,2
關懷,kuan-huâi,9,2
男性,lâm-sìng,9,2
難忘,lân-bōng,9,2
料理,liāu-lí,9,2
落尾,lo̍h-bué,9,2
農業,lông-gia̍p,9,2
蘆洲,lôo-tsiu,9,2
年歲,nî-huè,9,2
烏雲,oo-hûn,9,2
平平,pênn-pênn,9,2
歹人,pháinn-lâng,9,2
偏偏,phian-phian,9,2
膨鼠,phòng-tshí,9,2
簿仔,phōo-á,9,2
表兄,piáu-hiann,9,2
表演,piáu-ián,9,2
邊仔,pinn-á,9,2
飯包,pn̄g-pau,9,2
生湠,senn-thuànn,9,2
數想,siàu-siūnn,9,2
釋迦,sik-khia,9,2
心酸,sim-sng,9,2
心頭,sim-thâu,9,2
山崙,suann-lūn,9,2
山坪,suann-phiânn,9,2
四季,sù-kuì,9,2
四序,sù-sī,9,2
ta,ta,9,2
大約,tāi-iok,9,2
豆腐,tāu-hū,9,2
豆乾,tāu-kuann,9,2
豆奶,tāu-ling,9,2
短短,té-té,9,2
弟子,tē-tsú,9,2
泰國,thài-kok,9,2
窗仔,thang-á,9,2
鐵路,thih-lōo,9,2
桃園,thô-hn̂g,9,2
兔仔,thòo-á,9,2
傳統,thuân-thóng,9,2
店內,tiàm-lāi,9,2
電鍋,tiān-ko,9,2
定著,tiānn-tio̍h,9,2
智慧,tì-huī,9,2
豬跤,ti-kha,9,2
治療,tī-liâu,9,2
頂面,tíng-bīn,9,2
町子,ting-tsú,9,2
甜甜,tinn-tinn,9,2
中秋,tiong-tshiu,9,2
同事,tông-sū,9,2
同窗,tông-tshong,9,2
十萬,tsa̍p-bān,9,2
田嬰,tshân-enn,9,2
腥臊,tshenn-tshau,9,2
晟養,tshiânn-ióng,9,2
喙䫌,tshuì-phué,9,2
喙鬚,tshuì-tshiu,9,2
春風,tshun-hong,9,2
厝頂,tshù-tíng,9,2
前途,tsiân-tôo,9,2
指出,tsí-tshut,9,2
這聲,tsit-siann,9,2
總是,tsóng-sī,9,2
總統,tsóng-thóng,9,2
做陣,tsò-tīn,9,2
大樓,tuā-lâu,9,2
怨恨,uàn-hūn,9,2
啊無,ah-bô,8,2
愛人,ài-jîn,8,2
按察,àn-tshat,8,2
安靜,an-tsīng,8,2
網仔,bāng-á,8,2
袂得,bē-tit,8,2
明朝,bîng-tiâu,8,2
面子,bīn-tsú,8,2
目前,bo̍k-tsiân,8,2
無膽,bô-tánn,8,2
無彩,bô-tshái,8,2
尾仔,bué-á,8,2
武器,bú-khì,8,2
武功,bú-kong,8,2
下頦,ē-hâi,8,2
攑頭,gia̍h-thâu,8,2
外家,guā-ke,8,2
原諒,guân-liōng,8,2
月餅,gue̍h-piánn,8,2
下課,hā-khò,8,2
杭州,hâng-tsiu,8,2
罕得,hán-tit,8,2
戲弄,hì-lāng,8,2
欣羨,him-siān,8,2
胸坎,hing-khám,8,2
後悔,hiō-hué,8,2
皇上,hông-siōng,8,2
好笑,hó-tshiò,8,2
好運,hó-ūn,8,2
花蓮,hua-liân,8,2
番麥,huan-be̍h,8,2
岸邊,huānn-pinn,8,2
反對,huán-tuì,8,2
發覺,huat-kak,8,2
火雞,hué-ke,8,2
椅仔,í-á,8,2
野狼,iá-lông,8,2
緣份,iân-hūn,8,2
妖怪,iau-kuài,8,2
影響,íng-hióng,8,2
引起,ín-khí,8,2
一般,it-puann,8,2
任何,jīm-hô,8,2
教育,kàu-io̍k,8,2
交關,kau-kuan,8,2
攪擾,kiáu-jiáu,8,2
記號,kì-hō,8,2
今仔,kin-á,8,2
肩頭,king-thâu,8,2
講古,kóng-kóo,8,2
歌詩,kua-si,8,2
舊曆,kū-li̍k,8,2
老板,láu-pán,8,2
老板,lāu-pán,8,2
老實,láu-si̍t,8,2
力量,li̍k-liōng,8,2
流行,liû-hîng,8,2
𢯾,mooh,8,2
每日,muí-ji̍t,8,2
蚵仔,ô-á,8,2
王府,ông-hú,8,2
百姓,peh-sènn,8,2
八十,peh-tsa̍p,8,2
拍球,phah-kiû,8,2
摒掃,piànn-sàu,8,2
冰角,ping-kak,8,2
卜卦,pok-kuà,8,2
半路,puànn-lōo,8,2
畚斗,pùn-táu,8,2
不幸,put-hīng,8,2
生份,senn-hūn,8,2
生死,senn-sí,8,2
𤺪,siān,8,2
善良,siān-liông,8,2
逍遙,siau-iâu,8,2
小子,siáu-tsú,8,2
死犯,sí-huān,8,2
適合,sik-ha̍p,8,2
死去,sí--khì,8,2
時行,sî-kiânn,8,2
色水,sik-tsuí,8,2
相仝,sio-kāng,8,2
小心,sió-sim,8,2
失敗,sit-pāi,8,2
序大,sī-tuā,8,2
數學,sòo-ha̍k,8,2
鎖匙,só-sî,8,2
順利,sūn-lī,8,2
臺南,tâi-lâm,8,2
礁溪,ta-khe,8,2
東爿,tang-pîng,8,2
冬天,tang-thinn,8,2
地球,tē-kiû,8,2
地動,tē-tāng,8,2
提督,thê-tok,8,2
天常,thian-siông,8,2
天地,thinn-tē,8,2
調查,tiâu-tsa,8,2
特殊,ti̍k-sû,8,2
中心,tiong-sim,8,2
智識,tì-sik,8,2
當年,tong-nî,8,2
倒爿,tò-pîng,8,2
島嶼,tó-sū,8,2
才調,tsâi-tiāu,8,2
祭典,tsè-tián,8,2
製造,tsè-tsō,8,2
菜市,tshài-tshī,8,2
參詳,tsham-siông,8,2
青燈,tshenn-ting,8,2
千萬,tshian-bān,8,2
粟仔,tshik-á,8,2
清涼,tshing-liâng,8,2
清芳,tshing-phang,8,2
樹頂,tshiū-tíng,8,2
娶某,tshuā-bóo,8,2
出業,tshut-gia̍p,8,2
捷運,tsia̍t-ūn,8,2
接載,tsih-tsài,8,2
指教,tsí-kàu,8,2
志氣,tsì-khì,8,2
責任,tsik-jīm,8,2
正義,tsìng-gī,8,2
這號,tsit-lō,8,2
全全,tsuân-tsuân,8,2
水底,tsuí-té,8,2
資料,tsu-liāu,8,2
準時,tsún-sî,8,2
住手,tsū-tshiú,8,2
越頭,ua̍t-thâu,8,2
唯一,uî-it,8,2
圍爐,uî-lôo,8,2
偉大,uí-tāi,8,2
有身,ū-sin,8,2
鴨卵,ah-nn̄g,7,2
愛心,ài-sim,7,2
愛著,ài-tio̍h,7,2
掩崁,am-khàm,7,2
紅燈,âng-ting,7,2
後改,āu-kái,7,2
後代,āu-tāi,7,2
目眉,ba̍k-bâi,7,2
夢著,bāng-tio̍h,7,2
萬靈,bān-lîng,7,2
饅頭,bán-thô,7,2
碼頭,bé-thâu,7,2
馬車,bé-tshia,7,2
民俗,bîn-sio̍k,7,2
面桶,bīn-tháng,7,2
茫茫,bông-bông,7,2
武林,bú-lîm,7,2
下跤,ē-kha,7,2
會得,ē-tit,7,2
癮頭,giàn-thâu,7,2
銀行,gîn-hâng,7,2
戇人,gōng-lâng,7,2
牛車,gû-tshia,7,2
海岸,hái-huānn,7,2
海角,hái-kak,7,2
害蟲,hāi-thâng,7,2
校長,hāu-tiúnn,7,2
現場,hiān-tiûnn,7,2
漁民,hî-bîn,7,2
漁港,hî-káng,7,2
鄉親,hiong-tshin,7,2
香火,hiunn-hué,7,2
好額,hó-gia̍h,7,2
福氣,hok-khì,7,2
豐滿,hong-buán,7,2
皇帝,hông-tè,7,2
否則,hónn-tsik,7,2
胡蠅,hôo-sîn,7,2
何必,hô-pit,7,2
繁華,huân-huâ,7,2
凡勢,huān-sè,7,2
花枝,hue-ki,7,2
火災,hué-tsai,7,2
粉圓,hún-înn,7,2
分離,hun-lī,7,2
訓練,hùn-liān,7,2
負責,hū-tsik,7,2
緣故,iân-kòo,7,2
異鄉,ī-hiong,7,2
醫師,i-su,7,2
優美,iu-bí,7,2
憂愁,iu-tshiû,7,2
人士,jîn-sū,7,2
如果,jû-kó,7,2
家鄉,ka-hiong,7,2
介紹,kài-siāu,7,2
工程,kang-tîng,7,2
工廠,kang-tshiúnn,7,2
叩見,khàu-kiàn,7,2
溪仔,khe-á,7,2
氣功,khì-kong,7,2
勤儉,khîn-khiām,7,2
乞食,khit-tsia̍h,7,2
苦瓜,khóo-kue,7,2
看看,khuànn-khuànn,7,2
開門,khui-mn̂g,7,2
行踏,kiânn-ta̍h,7,2
建築,kiàn-tio̍k,7,2
今日,kim-ji̍t,7,2
今生,kim-sing,7,2
緊急,kín-kip,7,2
舉辦,kí-pān,7,2
機車,ki-tshia,7,2
奇蹟,kî-tsik,7,2
光線,kng-suànn,7,2
國文,kok-bûn,7,2
國師,kok-su,7,2
光景,kong-kíng,7,2
公車,kong-tshia,7,2
高中,ko-tiong,7,2
寒天,kuânn-thinn,7,2
芥菜,kuà-tshài,7,2
過份,kuè-hūn,7,2
過頭,kuè-thâu,7,2
規矩,kui-kí,7,2
滾水,kún-tsuí,7,2
來轉,lâi-tńg,7,2
蘭陽,lân-iâng,7,2
老大,láu-tuā,7,2
輾轉,liàn-tńg,7,2
旅行,lí-hîng,7,2
農村,lông-tshun,7,2
輪流,lûn-liû,7,2
女性,lú-sìng,7,2
滿腹,muá-pak,7,2
兩千,nn̄g-tshing,7,2
北國,pak-kok,7,2
北爿,pak-pîng,7,2
包裝,pau-tsong,7,2
白白,pe̍h-pe̍h,7,2
白菜,pe̍h-tshài,7,2
拍死,phah-sí,7,2
歹命,pháinn-miā,7,2
芳芳,phang-phang,7,2
撇步,phiat-pōo,7,2
博士,phok-sū,7,2
破病,phuà-pēnn,7,2
表情,piáu-tsîng,7,2
平原,pîng-guân,7,2
寶劍,pó-kiàm,7,2
玻璃,po-lê,7,2
報名,pò-miâ,7,2
報答,pò-tap,7,2
搬戲,puann-hì,7,2
不如,put-jû,7,2
不准,put-tsún,7,2
散赤,sàn-tshiah,7,2
散食,sàn-tsia̍h,7,2
雙爿,siang-pîng,7,2
啥款,siánn-khuán,7,2
少亮,siàu-liāng,7,2
生態,sing-thài,7,2
神奇,sîn-kî,7,2
新年,sin-nî,7,2
神秘,sîn-pì,7,2
相見,sio-kìnn,7,2
相拍,sio-phah,7,2
死死,sí-sí,7,2
實現,si̍t-hiān,7,2
相思,siunn-si,7,2
山海,suann-hái,7,2
書院,su-īnn,7,2
使用,sú-iōng,7,2
順序,sūn-sī,7,2
代代,tāi-tāi,7,2
頕頭,tàm-thâu,7,2
東京,tang-kiann,7,2
等候,tán-hāu,7,2
地方,tē-hng,7,2
第二,tē-lī,7,2
他鄉,thann-hiong,7,2
退休,thè-hiu,7,2
體力,thé-la̍t,7,2
體貼,thé-thiap,7,2
提出,thê-tshut,7,2
疼痛,thiànn-thàng,7,2
推薦,thui-tsiàn,7,2
電影,tiān-iánn,7,2
電池,tiān-tî,7,2
沉重,tîm-tāng,7,2
登記,ting-kì,7,2
頂真,tíng-tsin,7,2
珍惜,tin-sioh,7,2
著急,tio̍h-kip,7,2
直接,ti̍t-tsiap,7,2
著愛,to̍h-ài,7,2
洞空,tōng-khang,7,2
同時,tông-sî,7,2
當地,tong-tē,7,2
同情,tông-tsîng,7,2
動作,tōng-tsok,7,2
昨暝,tsa-mê,7,2
菜脯,tshài-póo,7,2
炒飯,tshá-pn̄g,7,2
初一,tshe-it,7,2
車禍,tshia-hō,7,2
車路,tshia-lōo,7,2
千里,tshian-lí,7,2
春蘭,tshun-lân,7,2
出聲,tshut-siann,7,2
正港,tsiànn-káng,7,2
前程,tsiân-tîng,7,2
寂寞,tsi̍k-bo̍k,7,2
前後,tsîng-āu,7,2
增加,tsing-ka,7,2
盡量,tsīn-liōng,7,2
借問,tsioh-mn̄g,7,2
狀元,tsiōng-guân,7,2
庄內,tsng-lāi,7,2
狀況,tsōng-hóng,7,2
資格,tsu-keh,7,2
大力,tuā-la̍t,7,2
對方,tuì-hong,7,2
遺憾,uî-hām,7,2
哎唷,ai-ioh,6,2
暗淡,àm-tām,6,2
安心,an-sim,6,2
盒仔,a̍p-á,6,2
木工,ba̍k-kang,6,2
慢慢,bān-bān,6,2
免驚,bián-kiann,6,2
冥想,bîng-sióng,6,2
無效,bô-hāu,6,2
模樣,bôo-iūnn,6,2
眼神,gán-sîn,6,2
戇戇,gōng-gōng,6,2
外公,guā-kong,6,2
原因,guân-in,6,2
月台,gua̍t-tâi,6,2
唉唷,haih-ioh,6,2
海底,hái-té,6,2
海菜,hái-tshài,6,2
下班,hā-pan,6,2
兄哥,hiann-ko,6,2
現實,hiān-si̍t,6,2
現在,hiān-tsāi,6,2
稀罕,hi-hán,6,2
好禮,hó-lé,6,2
好話,hó-uē,6,2
回答,huê-tap,6,2
分明,hun-bîng,6,2
沿海,iân-hái,6,2
夭壽,iáu-siū,6,2
圓仔,înn-á,6,2
圓圓,înn-înn,6,2
人員,jîn-uân,6,2
改善,kái-siān,6,2
甘甜,kam-tinn,6,2
感恩,kám-un,6,2
港口,káng-kháu,6,2
奸臣,kan-sîn,6,2
教授,kàu-siū,6,2
交換,kau-uānn,6,2
厚話,kāu-uē,6,2
價數,kè-siàu,6,2
徛家,khiā-ke,6,2
欺負,khi-hū,6,2
恐驚,khióng-kiann,6,2
可以,khó-í,6,2
氣力,khuì-la̍t,6,2
檢查,kiám-tsa,6,2
急救,kip-kiù,6,2
光明,kong-bîng,6,2
功勞,kong-lô,6,2
古厝,kóo-tshù,6,2
掛礙,kuà-gāi,6,2
怪怪,kuài-kuài,6,2
冠軍,kuan-kun,6,2
句型,kù-hîng,6,2
六月,la̍k-gue̍h,6,2
南方,lâm-hong,6,2
南爿,lâm-pîng,6,2
犁犁,lê-lê,6,2
掠著,lia̍h-tio̍h,6,2
攝影,liap-iánn,6,2
年年,nî-nî,6,2
往事,óng-sū,6,2
烏陰,oo-im,6,2
把握,pá-ak,6,2
拜三,pài-sann,6,2
排隊,pâi-tuī,6,2
幫忙,pang-bâng,6,2
放伴,pàng-phuānn,6,2
幫助,pang-tsōo,6,2
八田,pat-tiân,6,2
擘金,peh-kim,6,2
白色,pe̍h-sik,6,2
歹看,pháinn-khuànn,6,2
皮鞋,phuê-ê,6,2
便若,piān-nā,6,2
標準,piau-tsún,6,2
平溪,pîng-khe,6,2
寶物,pó-bu̍t,6,2
磅空,pōng-khang,6,2
婆婆,pô-pô,6,2
搬厝,puann-tshù,6,2
不孝,put-hàu,6,2
不但,put-tān,6,2
司公,sai-kong,6,2
山莊,san-tsong,6,2
殺手,sat-tshiú,6,2
洗衫,sé-sann,6,2
心願,sim-guān,6,2
心意,sim-ì,6,2
心事,sim-sū,6,2
神明,sîn-bîng,6,2
性格,sìng-keh,6,2
生產,sing-sán,6,2
新港,sin-káng,6,2
小民,sió-bîn,6,2
傷悲,siong-pi,6,2
傷著,siong-tio̍h,6,2
燒燒,sio-sio,6,2
小小,sió-sió,6,2
燒水,sio-tsuí,6,2
失望,sit-bōng,6,2
時鐘,sî-tsing,6,2
塑膠,sok-ka,6,2
山路,suann-lōo,6,2
山頭,suann-thâu,6,2
宣召,suan-tiàu,6,2
大溪,tāi-khe,6,2
代替,tāi-thè,6,2
打扮,tánn-pān,6,2
偷偷,thau-thau,6,2
天忌,thian-kī,6,2
天公,thinn-kong,6,2
拖磨,thua-buâ,6,2
叮咚,ting-tong,6,2
中國,tiong-kok,6,2
徒弟,tôo-tē,6,2
十分,tsa̍p-hun,6,2
濟濟,tsē-tsē,6,2
姊姊,tse--tseh,6,2
彩色,tshái-sik,6,2
田螺,tshân-lê,6,2
操勞,tshau-lô,6,2
刺客,tshì-khik,6,2
刺激,tshì-kik,6,2
市內,tshī-lāi,6,2
清清,tshing-tshing,6,2
充滿,tshiong-buán,6,2
市場,tshī-tiûnn,6,2
喘氣,tshuán-khuì,6,2
喙脣,tshuì-tûn,6,2
前落,tsîng-lo̍h,6,2
從來,tsiông-lâi,6,2
指定,tsí-tīng,6,2
專工,tsuan-kang,6,2
主要,tsú-iàu,6,2
水庫,tsuí-khòo,6,2
水路,tsuí-lōo,6,2
存在,tsûn-tsāi,6,2
煮飯,tsú-pn̄g,6,2
主持,tsú-tshî,6,2
煮食,tsú-tsia̍h,6,2
大條,tuā-tiâu,6,2
大圳,tuā-tsùn,6,2
對面,tuì-bīn,6,2
冤枉,uan-óng,6,2
汙染,u-jiám,6,2
的,ê,7533,1
是,sī,4337,1
我,guá,3990,1
你,lí,3639,1
啊,ah,2358,1
無,bô,2219,1
一,tsi̍t,2007,1
有,ū,2001,1
來,lâi,1959,1
啦,lah,1836,1
就,tō,1792,1
伊,i,1626,1
講,kóng,1614,1
矣,ah,1455,1
人,lâng,1389,1
个,ê,1330,1
去,khì,1290,1
會,ē,1269,1
欲,beh,1210,1
予,hōo,1144,1
共,kā,1072,1
攏,lóng,1068,1
好,hó,1030,1
阮,guán,1023,1
喔,ooh,1001,1
毋,m̄,998,1
閣,koh,997,1
這,tsit,978,1
佇,tī,958,1
愛,ài,941,1
嘛,mā,890,1
真,tsin,861,1
看,khuànn,852,1
佮,kah,786,1
著,tio̍h,729,1
足,tsiok,711,1
咧,teh,699,1
呢,neh,695,1
咧,leh,647,1
做,tsò,614,1
食,tsia̍h,592,1
袂,bē,586,1
咱,lán,575,1
彼,hit,568,1
若,nā,548,1
甲,kah,529,1
才,tsiah,526,1
哈,ha,511,1
到,kàu,491,1
乎,honnh,463,1
恁,lín,449,1
較,khah,424,1
緊,kín,400,1
這,tse,368,1
兩,nn̄g,367,1
上,siōng,364,1
課,khò,361,1
敢,kám,333,1
聽,thiann,332,1
濟,tsē,325,1
遮,tsia,325,1
哪,ná,324,1
大,tuā,317,1
莫,mài,298,1
過,kuè,295,1
行,kiânn,291,1
年,nî,283,1
三,sann,281,1
知,tsai,275,1
叫,kiò,266,1
也,iā,264,1
想,siūnn,262,1
對,tuì,262,1
工,kang,251,1
走,tsáu,250,1
死,sí,238,1
喂,ueh,235,1
唅,hannh,234,1
揣,tshuē,234,1
史,sú,233,1
啥,siánn,225,1
誠,tsiânn,218,1
轉,tńg,217,1
仔,á,216,1
囉,looh,212,1
愈,jú,208,1
彼,he,207,1
時,sî,207,1
買,bé,202,1
用,iōng,196,1
請,tshiánn,192,1
款,khuán,189,1
驚,kiann,185,1
出,tshut,185,1
逐,ta̍k,184,1
煞,suah,173,1
種,tsióng,172,1
在,tsāi,167,1
隻,tsiah,162,1
遐,hia,160,1
了,liáu,160,1
等,tán,159,1
規,kui,158,1
坐,tsē,154,1
日,ji̍t,153,1
聲,siann,151,1
媠,suí,150,1
話,uē,147,1
猶,iáu,146,1
害,hāi,145,1
對,uì,144,1
開,khui,143,1
提,the̍h,142,1
擺,pái,141,1
通,thang,141,1
嗯,mh,140,1
兜,tau,140,1
錢,tsînn,137,1
為,uī,136,1
蹛,tuà,133,1
花,hue,132,1
放,pàng,131,1
落,lo̍h,130,1
捌,bat,127,1
名,miâ,127,1
問,mn̄g,126,1
拍,phah,126,1
飛,pue,126,1
之,tsi,126,1
都,to,124,1
路,lōo,121,1
疼,thiànn,120,1
那,ná,119,1
天,thinn,118,1
敢,kánn,117,1
水,tsuí,116,1
條,tiâu,115,1
厝,tshù,115,1
掠,lia̍h,114,1
學,o̍h,114,1
手,tshiú,114,1
遮,tsiah,113,1
句,kù,111,1
算,sǹg,110,1
將,tsiong,110,1
幾,kuí,108,1
新,sin,108,1
嘿,heh,107,1
歲,huè,105,1
月,gue̍h,104,1
啉,lim,104,1
耍,sńg,104,1
賣,bē,103,1
粒,lia̍p,103,1
箍,khoo,102,1
傷,siunn,102,1
起,khí,101,1
久,kú,101,1
五,gōo,100,1
裡,lí,100,1
四,sì,100,1
先,sing,100,1
睏,khùn,98,1
免,bián,97,1
變,piàn,97,1
間,king,96,1
老,lāu,94,1
心,sim,94,1
綴,tuè,94,1
山,suann,92,1
生,senn,91,1
十,tsa̍p,91,1
項,hāng,89,1
不,put,89,1
爿,pîng,88,1
送,sàng,88,1
踅,se̍h,88,1
頭,thâu,88,1
就,tsiū,88,1
徛,khiā,87,1
踮,tiàm,87,1
一,it,86,1
暝,mê,86,1
半,puànn,85,1
外,guā,83,1
風,hong,83,1
菜,tshài,83,1
像,tshiūnn,83,1
衫,sann,82,1
偌,guā,80,1
謼,hooh,80,1
笑,tshiò,80,1
創,tshòng,80,1
比,pí,79,1
塊,tè,79,1
穿,tshīng,78,1
某,bóo,77,1
入,ji̍p,76,1
冬,tang,75,1
所,sóo,74,1
後,āu,73,1
本,pún,73,1
小,sió,73,1
魚,hî,72,1
流,lâu,72,1
哭,khàu,71,1
隨,suî,71,1
哇,uah,71,1
加,ke,70,1
趁,thàn,70,1
飼,tshī,70,1
喙,tshuì,70,1
用,īng,69,1
狗,káu,69,1
連,liân,69,1
歹,pháinn,69,1
面,bīn,68,1
唉,haih,68,1
點,tiám,67,1
七,tshit,67,1
種,tsìng,67,1
自,tsū,67,1
跤,kha,66,1
讀,tha̍k,66,1
佗,tó,66,1
車,tshia,66,1
寫,siá,65,1
吹,tshue,65,1
洗,sé,64,1
尾,bué,63,1
海,hái,63,1
暗,àm,62,1
字,jī,62,1
早,tsá,62,1
換,uānn,62,1
囥,khǹg,61,1
支,ki,61,1
救,kiù,61,1
二,jī,60,1
停,thîng,60,1
前,tsîng,60,1
煮,tsú,60,1
懸,kuân,59,1
哼,hngh,58,1
喝,huah,58,1
吧,pah,58,1
邊,pinn,58,1
總,tsóng,58,1
每,muí,57,1
替,thè,57,1
有,iú,56,1
人,jîn,56,1
遐,hiah,55,1
鬥,tàu,54,1
活,ua̍h,54,1
囝,kiánn,53,1
若,ná,53,1
陪,puê,53,1
紲,suà,53,1
牢,tiâu,53,1
王,ông,52,1
八,peh,52,1
位,uī,52,1
雨,hōo,51,1
教,kà,50,1
讚,tsán,50,1
遍,piàn,49,1
台,tâi,49,1
唱,tshiùnn,49,1
紅,âng,48,1
攑,gia̍h,48,1
分,hun,48,1
舊,kū,48,1
蕊,luí,48,1
燒,sio,48,1
地,tē,48,1
倚,uá,48,1
萬,bān,47,1
排,pâi,47,1
細,sè,47,1
倒,tó,47,1
抑,ia̍h,46,1
嫁,kè,46,1
個,kò,46,1
跳,thiàu,46,1
得,tit,46,1
賰,tshun,46,1
改,kái,45,1
靠,khò,45,1
光,kng,45,1
留,lâu,45,1
冷,líng,45,1
步,pōo,45,1
上,tsiūnn,45,1
全,tsuân,45,1
六,la̍k,44,1
領,niá,44,1
百,pah,44,1
情,tsîng,44,1
碗,uánn,44,1
為,uî,44,1
九,káu,43,1
成,sîng,43,1
唷,ioh,42,1
顧,kòo,42,1
拜,pài,42,1
白,pe̍h,42,1
騙,phiàn,42,1
拄,tú,42,1
騎,khiâ,41,1
乖,kuai,41,1
包,pau,41,1
收,siu,41,1
照,tsiò,41,1
喂,eh,40,1
敲,khà,40,1
內,lāi,40,1
唸,liām,40,1
搬,puann,40,1
中,tiong,40,1
欉,tsâng,40,1
吵,tshá,40,1
借,tsioh,40,1
掛,kuà,39,1
能,lîng,39,1
嘛,mah,39,1
烏,oo,39,1
陣,tīn,39,1
覕,bih,38,1
戇,gōng,38,1
落,lak,38,1
芳,phang,38,1
抱,phō,38,1
店,tiàm,38,1
挽,bán,37,1
嘻,hi,37,1
由,iû,37,1
黃,n̂g,37,1
伴,phuānn,37,1
向,hiòng,36,1
離,lī,36,1
茶,tê,36,1
少,tsió,36,1
䆀,bái,35,1
夢,bāng,35,1
雲,hûn,35,1
又,iū,35,1
飯,pn̄g,35,1
和,hām,34,1
林,lîm,34,1
被,pī,34,1
雙,siang,34,1
張,tiunn,34,1
攢,tshuân,34,1
船,tsûn,34,1
遠,hn̄g,33,1
回,huê,33,1
枵,iau,33,1
抾,khioh,33,1
考,khó,33,1
歌,kua,33,1
嗎,mah,33,1
事,sū,33,1
甜,tinn,33,1
馬,bé,32,1
而,jî,32,1
枝,ki,32,1
關,kuainn,32,1
配,phuè,32,1
殺,sat,32,1
頓,tǹg,32,1
清,tshing,32,1
安,an,31,1
肉,bah,31,1
嫌,hiâm,31,1
贏,iânn,31,1
仝,kāng,31,1
搝,khiú,31,1
受,siū,31,1
頂,tíng,31,1
長,tn̂g,31,1
接,tsiap,31,1
酒,tsiú,31,1
牛,gû,30,1
還,hîng,30,1
逐,jiok,30,1
雞,ke,30,1
氣,khì,30,1
兼,kiam,30,1
件,kiānn,30,1
命,miā,30,1
帶,tuà,30,1
曝,pha̍k,29,1
拚,piànn,29,1
娶,tshuā,29,1
正,tsiànn,29,1
逝,tsuā,29,1
段,tuānn,29,1
夜,iā,28,1
搖,iô,28,1
牽,khan,28,1
辦,pān,28,1
餅,piánn,28,1
布,pòo,28,1
跋,pua̍h,28,1
輸,su,28,1
重,tāng,28,1
今,tann,28,1
箸,tī,28,1
再,tsài,28,1
差,tsha,28,1
蛇,tsuâ,28,1
陣,tsūn,28,1
以,í,27,1
要,iàu,27,1
求,kiû,27,1
飽,pá,27,1
班,pan,27,1
破,phuà,27,1
照,tsiàu,27,1
翁,ang,26,1
苦,khóo,26,1
各,kok,26,1
寡,kuá,26,1
寒,kuânn,26,1
滿,muá,26,1
分,pun,26,1
泅,siû,26,1
擲,tàn,26,1
通,thong,26,1
糋,tsìnn,26,1
未,buē,25,1
家,ka,25,1
咬,kā,25,1
蓋,kài,25,1
闊,khuah,25,1
見,kìnn,25,1
捾,kuānn,25,1
女,lí,25,1
駛,sái,25,1
神,sîn,25,1
他,thann,25,1
斷,tn̄g,25,1
眾,tsiòng,25,1
傱,tsông,25,1
慢,bān,24,1
假,ké,24,1
趕,kuánn,24,1
片,phìnn,24,1
報,pò,24,1
雪,seh,24,1
天,thian,24,1
載,tsài,24,1
座,tsō,24,1
味,bī,23,1
無,bû,23,1
吼,háu,23,1
火,hué,23,1
如,jû,23,1
猴,kâu,23,1
記,kì,23,1
鼻,phīnn,23,1
身,sin,23,1
焦,ta,23,1
當,tng,23,1
黨,tóng,23,1
擋,tòng,23,1
摻,tsham,23,1
田,tshân,23,1
深,tshim,23,1
拭,tshit,23,1
米,bí,22,1
明,bîng,22,1
摸,bong,22,1
舞,bú,22,1
快,khuài,22,1
練,liān,22,1
滴,tih,22,1
紮,tsah,22,1
羞,tshiu,22,1
諾,hioh,21,1
號,hō,21,1
影,iánn,21,1
開,khai,21,1
高,ko,21,1
掘,ku̍t,21,1
挵,lòng,21,1
媽,ma,21,1
孫,sun,21,1
呔,thài,21,1
此,tshú,21,1
招,tsiau,21,1
嘿,hennh,20,1
形,hîng,20,1
份,hūn,20,1
熱,jua̍h,20,1
交,kau,20,1
夠,kàu,20,1
摃,kòng,20,1
龜,ku,20,1
掃,sàu,20,1
摔,siak,20,1
東,tang,20,1
偷,thau,20,1
毒,to̍k,20,1
插,tshah,20,1
草,tsháu,20,1
千,tshian,20,1
掣,tshuah,20,1
喂,uê,20,1
畫,uē,20,1
哎,aih,19,1
下,ē,19,1
發,huat,19,1
臆,ioh,19,1
鉸,ka,19,1
街,ke,19,1
金,kim,19,1
怪,kuài,19,1
寶,pó,19,1
選,suán,19,1
傳,thuân,19,1
挃,ti̍h,19,1
場,tiûnn,19,1
者,tsiá,19,1
圍,uî,19,1
洪,âng,18,1
銀,gîn,18,1
應,ìn,18,1
厚,kāu,18,1
斤,kin,18,1
強,kiông,18,1
管,kuán,18,1
汗,kuānn,18,1
滾,kún,18,1
李,lí,18,1
批,phue,18,1
肥,puî,18,1
思,su,18,1
踢,that,18,1
忝,thiám,18,1
試,tshì,18,1
響,hiáng,17,1
河,hô,17,1
犯,huān,17,1
圓,înn,17,1
急,kip,17,1
鬼,kuí,17,1
揹,phāinn,17,1
泡,phàu,17,1
捒,sak,17,1
姓,sènn,17,1
痟,siáu,17,1
詞,sû,17,1
貼,tah,17,1
踏,ta̍h,17,1
陳,tân,17,1
透,thàu,17,1
知,ti,17,1
多,to,17,1
齣,tshut,17,1
醉,tsuì,17,1
戲,hì,16,1
何,hô,16,1
虎,hóo,16,1
近,kīn,16,1
難,lân,16,1
劉,lâu,16,1
里,lí,16,1
輾,liàn,16,1
乃,nái,16,1
爾,niā,16,1
縛,pa̍k,16,1
並,pīng,16,1
西,sai,16,1
使,sú,16,1
說,sueh,16,1
底,té,16,1
短,té,16,1
兔,thòo,16,1
插,tshap,16,1
樹,tshiū,16,1
炊,tshue,16,1
只,tsí,16,1
庄,tsng,16,1
最,tsuè,16,1
願,guān,15,1
鱟,hāu,15,1
行,hîng,15,1
園,hn̂g,15,1
角,kak,15,1
空,khang,15,1
其,kî,15,1
攬,lám,15,1
鑢,lù,15,1
挖,óo,15,1
補,póo,15,1
杯,pue,15,1
獅,sai,15,1
閃,siám,15,1
惜,sioh,15,1
俗,sio̍k,15,1
師,su,15,1
刀,to,15,1
站,tsām,15,1
星,tshenn,15,1
揤,tshi̍h,15,1
衝,tshiong,15,1
盡,tsīn,15,1
從,tsiông,15,1
族,tso̍k,15,1
隊,tuī,15,1
鄉,hiong,14,1
野,iá,14,1
引,ín,14,1
忍,jím,14,1
若,jio̍k,14,1
港,káng,14,1
激,kik,14,1
樓,lâu,14,1
罵,mē,14,1
軟,nńg,14,1
卵,nn̄g,14,1
派,phài,14,1
片,phiàn,14,1
山,san,14,1
謝,siā,14,1
設,siat,14,1
誰,suî,14,1
擔,tann,14,1
貯,té,14,1
太,thài,14,1
慘,tshám,14,1
春,tshun,14,1
招,tsio,14,1
紙,tsuá,14,1
咻,hiu,13,1
煩,huân,13,1
法,huat,13,1
會,huē,13,1
音,im,13,1
跡,jiah,13,1
欠,khiàm,13,1
關,kuan,13,1
歸,kui,13,1
拳,kûn,13,1
門,mn̂g,13,1
爬,pê,13,1
捀,phâng,13,1
磅,pōng,13,1
部,pōo,13,1
仙,sian,13,1
相,sio,13,1
相,siòng,13,1
守,siú,13,1
數,sòo,13,1
巡,sûn,13,1
帶,tài,13,1
埕,tiânn,13,1
棟,tòng,13,1
參,tsham,13,1
秋,tshiu,13,1
煎,tsian,13,1
進,tsìn,13,1
舂,tsing,13,1
周,tsiu,13,1
準,tsún,13,1
穩,ún,13,1
泔,ám,12,1
網,bāng,12,1
命,bīng,12,1
廟,biō,12,1
望,bōng,12,1
烘,hang,12,1
福,hok,12,1
恨,hūn,12,1
加,ka,12,1
口,kháu,12,1
球,kiû,12,1
孤,koo,12,1
君,kun,12,1
南,lâm,12,1
亂,luān,12,1
毛,moo,12,1
糜,muê,12,1
夾,ngeh,12,1
吳,ngôo,12,1
冰,ping,12,1
變,pìnn,12,1
必,pit,12,1
瘦,sán,12,1
散,sàn,12,1
熟,si̍k,12,1
生,sing,12,1
徙,suá,12,1
動,tāng,12,1
湯,thng,12,1
拖,thua,12,1
豬,ti,12,1
電,tiān,12,1
醒,tshénn,12,1
衝,tshìng,12,1
寸,tshùn,12,1
子,tsí,12,1
敏,bín,11,1
母,bú,11,1
抹,buah,11,1
e,e,11,1
幌,hàinn,11,1
燃,hiânn,11,1
耳,hīnn,11,1
歇,hioh,11,1
血,hueh,11,1
佛,hu̍t,11,1
湧,íng,11,1
約,iok,11,1
勇,ióng,11,1
含,kâm,11,1
家,ke,11,1
低,kē,11,1
結,kiat,11,1
揀,kíng,11,1
級,kip,11,1
國,kok,11,1
貴,kuì,11,1
鑼,lô,11,1
我,ngóo,11,1
貓,niau,11,1
往,óng,11,1
爸,pah,11,1
北,pak,11,1
別,pa̍t,11,1
葩,pha,11,1
皮,phuê,11,1
逼,pik,11,1
歕,pûn,11,1
捎,sa,11,1
屎,sái,11,1
信,sìn,11,1
傷,siong,11,1
宣,suan,11,1
線,suànn,11,1
順,sūn,11,1
大,tāi,11,1
代,tāi,11,1
迵,thàng,11,1
蟲,thâng,11,1
討,thó,11,1
恬,tiām,11,1
展,tián,11,1
殿,tiān,11,1
道,tō,11,1
督,tok,11,1
獨,to̍k,11,1
東,tong,11,1
當,tong,11,1
炒,tshá,11,1
臭,tshàu,11,1
切,tshiat,11,1
千,tshing,11,1
搶,tshiúnn,11,1
針,tsiam,11,1
罪,tsuē,11,1
堆,tui,11,1
完,uân,11,1
押,ah,10,1
罔,bóng,10,1
鞋,ê,10,1
狹,e̍h,10,1
下,hā,10,1
撈,hôo,10,1
與,í,10,1
意,ì,10,1
間,kan,10,1
儉,khiām,10,1
巧,khiáu,10,1
硞,kho̍k,10,1
褲,khòo,10,1
奇,kî,10,1
減,kiám,10,1
鹹,kiâm,10,1
捐,kuan,10,1
罐,kuàn,10,1
裙,kûn,10,1
離,lî,10,1
喨,liang,10,1
令,līng,10,1
論,lūn,10,1
麵,mī,10,1
兩,nióo,10,1
軁,nǹg,10,1
蚵,ô,10,1
平,pênn,10,1
省,síng,10,1
趖,sô,10,1
霆,tân,10,1
打,tánn,10,1
刣,thâi,10,1
塗,thôo,10,1
吞,thun,10,1
戴,tì,10,1
治,tī,10,1
等,tíng,10,1
釘,tìng,10,1
趒,tiô,10,1
直,ti̍t,10,1
層,tsân,10,1
冊,tsheh,10,1
親,tshin,10,1
次,tshù,10,1
石,tsio̍h,10,1
朱,tsu,10,1
彈,tuânn,10,1
斡,uat,10,1
鴨,ah,9,1
望,bāng,9,1
合,ha̍p,9,1
型,hîng,9,1
薰,hun,9,1
甘,kam,9,1
轎,kiō,9,1
告,kò,9,1
功,kong,9,1
骨,kut,9,1
滑,ku̍t,9,1
零,lîng,9,1
兩,lióng,9,1
硬,ngē,9,1
兩,niú,9,1
惡,ok,9,1
房,pâng,9,1
爸,pē,9,1
擘,peh,9,1
病,pēnn,9,1
浮,phû,9,1
便,piān,9,1
摒,piànn,9,1
反,píng,9,1
盤,puânn,9,1
桮,pue,9,1
酸,sng,9,1
旋,suan,9,1
水,suí,9,1
拆,thiah,9,1
紩,thīnn,9,1
吐,thòo,9,1
弟,ti,9,1
弟,tih,9,1
剁,tok,9,1
齊,tsê,9,1
藏,tshàng,9,1
晟,tshiânn,9,1
象,tshiūnn,9,1
雨,ú,9,1
晏,uànn,9,1
哀,ai,8,1
沃,ak,8,1
目,ba̍k,8,1
未,bī,8,1
名,bîng,8,1
霧,bū,8,1
夯,giâ,8,1
哈,hah,8,1
合,ha̍h,8,1
掀,hian,8,1
葉,hio̍h,8,1
翕,hip,8,1
香,hiunn,8,1
副,hù,8,1
懷,huâi,8,1
葉,ia̍p,8,1
溢,ik,8,1
恩,in,8,1
欲,io̍k,8,1
油,iû,8,1
遊,iû,8,1
認,jīn,8,1
結,kat,8,1
鏡,kiànn,8,1
扛,kng,8,1
膏,ko,8,1
公,kong,8,1
割,kuah,8,1
粿,kué,8,1
浪,lōng,8,1
淚,luī,8,1
罵,mā,8,1
藍,nâ,8,1
向,ǹg,8,1
染,ní,8,1
讓,niū,8,1
麭,pháng,8,1
鋪,phoo,8,1
筆,pit,8,1
晡,poo,8,1
哺,pōo,8,1
善,siān,8,1
屬,sio̍k,8,1
相,siong,8,1
失,sit,8,1
衰,sue,8,1
搭,tah,8,1
臺,tâi,8,1
地,tè,8,1
硩,teh,8,1
塔,thah,8,1
糖,thn̂g,8,1
鼎,tiánn,8,1
定,tiānn,8,1
吊,tiàu,8,1
燈,ting,8,1
倒,tò,8,1
洞,tōng,8,1
青,tshenn,8,1
寢,tshím,8,1
牆,tshiûnn,8,1
闖,tshuàng,8,1
謝,tsiā,8,1
戰,tsiàn,8,1
祝,tsiok,8,1
妝,tsng,8,1
越,ua̍t,8,1
案,àn,7,1
餡,ānn,7,1
盒,a̍p,7,1
秒,bió,7,1
挨,e,7,1
言,giân,7,1
月,gua̍t,7,1
含,hâm,7,1
孝,hàu,7,1
賢,hiân,7,1
曉,hiáu,7,1
雄,hiông,7,1
封,hong,7,1
反,huán,7,1
貨,huè,7,1
費,huì,7,1
衣,i,7,1
已,í,7,1
院,īnn,7,1
容,iông,7,1
樣,iūnn,7,1
惹,jiá,7,1
任,jīm,7,1
教,kàu,7,1
盍,khah,7,1
溪,khe,7,1
輕,khin,7,1
恐,khióng,7,1
可,khó,7,1
鋸,kì,7,1
劫,kiap,7,1
今,kim,7,1
景,kíng,7,1
糊,kôo,7,1
官,kuann,7,1
棍,kùn,7,1
男,lâm,7,1
淋,lâm,7,1
攄,lu,7,1
妹,muē,7,1
迎,ngiâ,7,1
湖,ôo,7,1
剝,pak,7,1
跑,pháu,7,1
悲,pi,7,1
壁,piah,7,1
掰,pué,7,1
倍,puē,7,1
澀,siap,7,1
色,sik,7,1
修,siu,7,1
岫,siū,7,1
痠,sng,7,1
鎖,só,7,1
四,sù,7,1
澹,tâm,7,1
斗,táu,7,1
鄭,tēnn,7,1
窒,that,7,1
毒,thāu,7,1
沉,tîm,7,1
定,tīng,7,1
賭,tóo,7,1
找,tsāu,7,1
撨,tshiâu,7,1
稱,tshing,7,1
鮮,tshinn,7,1
尺,tshioh,7,1
醋,tshòo,7,1
伸,tshun,7,1
止,tsí,7,1
指,tsí,7,1
正,tsiann,7,1
成,tsiânn,7,1
捷,tsia̍p,7,1
種,tsíng,7,1
助,tsōo,7,1
注,tsù,7,1
尊,tsun,7,1
偝,āinn,6,1
猛,bíng,6,1
亡,bông,6,1
滿,buán,6,1
文,bûn,6,1
問,būn,6,1
涵,hâm,6,1
下,hē,6,1
奉,hōng,6,1
戶,hōo,6,1
扶,hû,6,1
父,hū,6,1
掖,iā,6,1
擛,ia̍t,6,1
淹,im,6,1
價,kè,6,1
刻,khik,6,1
卻,khiok,6,1
炕,khòng,6,1
坵,khu,6,1
劍,kiàm,6,1
敬,kìng,6,1
捲,kńg,6,1
姑,koo,6,1
故,kòo,6,1
利,lāi,6,1
力,la̍t,6,1
涼,liâng,6,1
奶,ling,6,1
流,liû,6,1
擂,luî,6,1
咩,meh,6,1
物,mi̍h,6,1
五,ngóo,6,1
吾,ngôo,6,1
旺,ōng,6,1
奅,phānn,6,1
伯,phik,6,1
票,phiò,6,1
別,pia̍t,6,1
卜,pok,6,1
嗽,sàu,6,1
性,sìng,6,1
商,siong,6,1
爽,sóng,6,1
書,su,6,1
擔,tànn,6,1
桶,tháng,6,1
啼,thî,6,1
同,tông,6,1
度,tōo,6,1
層,tsàn,6,1
祭,tsè,6,1
柴,tshâ,6,1
刺,tshì,6,1
主,tsú,6,1
俊,tsùn,6,1
冤,uan,6,1
